<?xml version="1.0" encoding="UTF-8"?><CodeSystem xmlns="http://hl7.org/fhir"><id value="eclaire-type-contact-code-system"/><text><status value="generated"/><div xmlns="http://www.w3.org/1999/xhtml"><p>This case-sensitive code system <code>https://interop.esante.gouv.fr/ig/fhir/eclaire/CodeSystem/eclaire-type-contact-code-system</code> defines the following codes:</p><table class="codes"><tr><td style="white-space:nowrap"><b>Code</b></td><td><b>Display</b></td></tr><tr><td style="white-space:nowrap">PUB<a name="eclaire-type-contact-code-system-PUB"> </a></td><td>Publique / Public</td></tr><tr><td style="white-space:nowrap">SCI<a name="eclaire-type-contact-code-system-SCI"> </a></td><td>Scientifique / Scientific</td></tr></table></div></text><url value="https://interop.esante.gouv.fr/ig/fhir/eclaire/CodeSystem/eclaire-type-contact-code-system"/><version value="0.3.0"/><name value="EclaireTypeContactCS"/><title value="Type de contact"/><status value="draft"/><date value="2024-03-14T09:59:11+00:00"/><publisher value="ANS"/><contact><name value="ANS"/><telecom><system value="url"/><value value="https://esante.gouv.fr"/></telecom></contact><description value="Type de contact pour les essais cliniques"/><jurisdiction><coding><system value="urn:iso:std:iso:3166"/><code value="FR"/><display value="FRANCE"/></coding></jurisdiction><caseSensitive value="true"/><content value="complete"/><count value="2"/><concept><code value="PUB"/><display value="Publique / Public"/></concept><concept><code value="SCI"/><display value="Scientifique / Scientific"/></concept></CodeSystem>